-- MySQL Script generated by MySQL Workbench
-- Fri May  3 19:53:59 2024
-- Model: New Model    Version: 1.0
-- MySQL Workbench Forward Engineering

SET @OLD_UNIQUE_CHECKS=@@UNIQUE_CHECKS, UNIQUE_CHECKS=0;
SET @OLD_FOREIGN_KEY_CHECKS=@@FOREIGN_KEY_CHECKS, FOREIGN_KEY_CHECKS=0;
SET @OLD_SQL_MODE=@@SQL_MODE, SQL_MODE='ONLY_FULL_GROUP_BY,STRICT_TRANS_TABLES,NO_ZERO_IN_DATE,NO_ZERO_DATE,ERROR_FOR_DIVISION_BY_ZERO,NO_ENGINE_SUBSTITUTION';

-- -----------------------------------------------------
-- Schema mydb
-- -----------------------------------------------------
DROP SCHEMA IF EXISTS `mydb` ;

-- -----------------------------------------------------
-- Schema mydb
-- -----------------------------------------------------
CREATE SCHEMA IF NOT EXISTS `mydb` DEFAULT CHARACTER SET utf8 ;
USE `mydb` ;

-- -----------------------------------------------------
-- Table `Survey_Results`
-- -----------------------------------------------------
DROP TABLE IF EXISTS `Survey_Results` ;

CREATE TABLE IF NOT EXISTS `Survey_Results` (
  `idSurveyResults` INT NOT NULL,
  `classYear` VARCHAR(45) NULL,
  `gender` VARCHAR(45) NULL,
  `religion` VARCHAR(45) NULL,
  `Q1` VARCHAR(45) NULL,
  `Q2` VARCHAR(45) NULL,
  `Q3` VARCHAR(45) NULL,
  `Q4` VARCHAR(45) NULL,
  `Q5` VARCHAR(45) NULL,
  PRIMARY KEY (`idSurveyResults`))
ENGINE = InnoDB;


-- -----------------------------------------------------
-- Table `Students`
-- -----------------------------------------------------
DROP TABLE IF EXISTS `Students` ;

CREATE TABLE IF NOT EXISTS `Students` (
  `idstudents` INT NOT NULL,
  `firstName` VARCHAR(45) NULL,
  `lastName` VARCHAR(45) NULL,
  `classYear` VARCHAR(45) NULL,
  `email` VARCHAR(45) NULL,
  `phone` VARCHAR(45) NULL,
  `address` VARCHAR(45) NULL,
  `DOB` VARCHAR(45) NULL,
  `GPA` VARCHAR(45) NULL,
  `major` VARCHAR(45) NULL,
  `minor` VARCHAR(45) NULL,
  `residence` VARCHAR(45) NULL,
  `gender` VARCHAR(45) NULL,
  `race` VARCHAR(45) NULL,
  `religion` VARCHAR(45) NULL,
  `sexuality` VARCHAR(45) NULL,
  `economicClass` VARCHAR(45) NULL,
  `semester` VARCHAR(45) NULL,
  `Survey_Results_idSurveyResults` INT NOT NULL,
  PRIMARY KEY (`idstudents`),
  CONSTRAINT `fk_Students_Survey_Results1`
    FOREIGN KEY (`Survey_Results_idSurveyResults`)
    REFERENCES `Survey_Results` (`idSurveyResults`)
    ON DELETE NO ACTION
    ON UPDATE NO ACTION)
ENGINE = InnoDB;


-- -----------------------------------------------------
-- Table `Schools`
-- -----------------------------------------------------
DROP TABLE IF EXISTS `Schools` ;

CREATE TABLE IF NOT EXISTS `Schools` (
  `idSchools` INT NOT NULL,
  `schoolName` VARCHAR(45) NULL,
  `schoolDescription` VARCHAR(100) NULL,
  PRIMARY KEY (`idSchools`))
ENGINE = InnoDB;


-- -----------------------------------------------------
-- Table `Departments`
-- -----------------------------------------------------
DROP TABLE IF EXISTS `Departments` ;

CREATE TABLE IF NOT EXISTS `Departments` (
  `idDepartments` INT NOT NULL,
  `deptName` VARCHAR(45) NULL,
  `Schools_idSchools` INT NOT NULL,
  PRIMARY KEY (`idDepartments`),
  CONSTRAINT `fk_Departments_Schools`
    FOREIGN KEY (`Schools_idSchools`)
    REFERENCES `Schools` (`idSchools`)
    ON DELETE NO ACTION
    ON UPDATE NO ACTION)
ENGINE = InnoDB;


-- -----------------------------------------------------
-- Table `Courses`
-- -----------------------------------------------------
DROP TABLE IF EXISTS `Courses` ;

CREATE TABLE IF NOT EXISTS `Courses` (
  `idCourses` INT NOT NULL,
  `courseName` VARCHAR(45) NULL,
  `courseDesc` VARCHAR(100) NULL,
  `professor` VARCHAR(45) NULL,
  `Departments_idDepartments` INT NOT NULL,
  PRIMARY KEY (`idCourses`),
  CONSTRAINT `fk_Courses_Departments1`
    FOREIGN KEY (`Departments_idDepartments`)
    REFERENCES `Departments` (`idDepartments`)
    ON DELETE NO ACTION
    ON UPDATE NO ACTION)
ENGINE = InnoDB;


-- -----------------------------------------------------
-- Table `Services`
-- -----------------------------------------------------
DROP TABLE IF EXISTS `Services` ;

CREATE TABLE IF NOT EXISTS `Services` (
  `idservices` INT NOT NULL,
  `serviceName` VARCHAR(45) NULL,
  `serviceDesc` VARCHAR(45) NULL,
  PRIMARY KEY (`idservices`))
ENGINE = InnoDB;


-- -----------------------------------------------------
-- Table `Club`
-- -----------------------------------------------------
DROP TABLE IF EXISTS `Club` ;

CREATE TABLE IF NOT EXISTS `Club` (
  `idClubs` INT NOT NULL,
  `clubName` VARCHAR(45) NULL,
  `clubType` VARCHAR(45) NULL,
  `clubDesc` VARCHAR(100) NULL,
  PRIMARY KEY (`idClubs`))
ENGINE = InnoDB;


-- -----------------------------------------------------
-- Table `Student_in_Engagement`
-- -----------------------------------------------------
DROP TABLE IF EXISTS `Student_in_Engagement` ;

CREATE TABLE IF NOT EXISTS `Student_in_Engagement` (
  `Students_idstudents` INT NOT NULL,
  `position` VARCHAR(45) NULL,
  `yearsMember` VARCHAR(45) NULL,
  `Club_idClubs` INT NOT NULL,
  PRIMARY KEY (`Students_idstudents`),
  CONSTRAINT `fk_Clubs_has_Students_Students1`
    FOREIGN KEY (`Students_idstudents`)
    REFERENCES `Students` (`idstudents`)
    ON DELETE NO ACTION
    ON UPDATE NO ACTION,
  CONSTRAINT `fk_Student_in_Engagement_Club1`
    FOREIGN KEY (`Club_idClubs`)
    REFERENCES `Club` (`idClubs`)
    ON DELETE NO ACTION
    ON UPDATE NO ACTION)
ENGINE = InnoDB;


-- -----------------------------------------------------
-- Table `Student_Use_Service`
-- -----------------------------------------------------
DROP TABLE IF EXISTS `Student_Use_Service` ;

CREATE TABLE IF NOT EXISTS `Student_Use_Service` (
  `Services_idservices` INT NOT NULL,
  `Students_idstudents` INT NOT NULL,
  `dateOfUse` VARCHAR(45) NULL,
  `timeOfUse` VARCHAR(45) NULL,
  PRIMARY KEY (`Services_idservices`, `Students_idstudents`),
  CONSTRAINT `fk_Services_has_Students_Services1`
    FOREIGN KEY (`Services_idservices`)
    REFERENCES `Services` (`idservices`)
    ON DELETE NO ACTION
    ON UPDATE NO ACTION,
  CONSTRAINT `fk_Services_has_Students_Students1`
    FOREIGN KEY (`Students_idstudents`)
    REFERENCES `Students` (`idstudents`)
    ON DELETE NO ACTION
    ON UPDATE NO ACTION)
ENGINE = InnoDB;


-- -----------------------------------------------------
-- Table `Student_in_Course`
-- -----------------------------------------------------
DROP TABLE IF EXISTS `Student_in_Course` ;

CREATE TABLE IF NOT EXISTS `Student_in_Course` (
  `Courses_idCourses` INT NOT NULL,
  `Students_idstudents` INT NOT NULL,
  `grade` VARCHAR(45) NULL,
  `courseCompletion` VARCHAR(45) NULL,
  `courseAttendance` VARCHAR(45) NULL,
  PRIMARY KEY (`Courses_idCourses`, `Students_idstudents`),
  CONSTRAINT `fk_Courses_has_Students_Courses1`
    FOREIGN KEY (`Courses_idCourses`)
    REFERENCES `Courses` (`idCourses`)
    ON DELETE NO ACTION
    ON UPDATE NO ACTION,
  CONSTRAINT `fk_Courses_has_Students_Students1`
    FOREIGN KEY (`Students_idstudents`)
    REFERENCES `Students` (`idstudents`)
    ON DELETE NO ACTION
    ON UPDATE NO ACTION)
ENGINE = InnoDB;


-- -----------------------------------------------------
-- Table `Events`
-- -----------------------------------------------------
DROP TABLE IF EXISTS `Events` ;

CREATE TABLE IF NOT EXISTS `Events` (
  `idEvents` INT NOT NULL,
  `eventName` VARCHAR(45) NULL,
  `Club_idClubs` INT NOT NULL,
  PRIMARY KEY (`idEvents`),
  CONSTRAINT `fk_Events_Campus Engagements1`
    FOREIGN KEY (`Club_idClubs`)
    REFERENCES `Club` (`idClubs`)
    ON DELETE NO ACTION
    ON UPDATE NO ACTION)
ENGINE = InnoDB;


-- -----------------------------------------------------
-- Table `Student_Attends_Event`
-- -----------------------------------------------------
DROP TABLE IF EXISTS `Student_Attends_Event` ;

CREATE TABLE IF NOT EXISTS `Student_Attends_Event` (
  `Events_idEvents` INT NOT NULL,
  `Students_idstudents` INT NOT NULL,
  PRIMARY KEY (`Events_idEvents`, `Students_idstudents`),

  CONSTRAINT `fk_Events_has_Students_Events1`
    FOREIGN KEY (`Events_idEvents`)
    REFERENCES `Events` (`idEvents`)
    ON DELETE NO ACTION
    ON UPDATE NO ACTION,
  CONSTRAINT `fk_Events_has_Students_Students1`
    FOREIGN KEY (`Students_idstudents`)
    REFERENCES `Students` (`idstudents`)
    ON DELETE NO ACTION
    ON UPDATE NO ACTION)
ENGINE = InnoDB;


SET SQL_MODE=@OLD_SQL_MODE;
SET FOREIGN_KEY_CHECKS=@OLD_FOREIGN_KEY_CHECKS;
SET UNIQUE_CHECKS=@OLD_UNIQUE_CHECKS;

-- MySQL Script generated by MySQL Workbench
-- Fri May  3 19:53:59 2024
-- Model: New Model    Version: 1.0
-- MySQL Workbench Forward Engineering

SET @OLD_UNIQUE_CHECKS=@@UNIQUE_CHECKS, UNIQUE_CHECKS=0;
SET @OLD_FOREIGN_KEY_CHECKS=@@FOREIGN_KEY_CHECKS, FOREIGN_KEY_CHECKS=0;
SET @OLD_SQL_MODE=@@SQL_MODE, SQL_MODE='ONLY_FULL_GROUP_BY,STRICT_TRANS_TABLES,NO_ZERO_IN_DATE,NO_ZERO_DATE,ERROR_FOR_DIVISION_BY_ZERO,NO_ENGINE_SUBSTITUTION';

-- -----------------------------------------------------
-- Schema mydb
-- -----------------------------------------------------
DROP SCHEMA IF EXISTS `mydb` ;

-- -----------------------------------------------------
-- Schema mydb
-- -----------------------------------------------------
CREATE SCHEMA IF NOT EXISTS `mydb` DEFAULT CHARACTER SET utf8 ;
USE `mydb` ;

-- -----------------------------------------------------
-- Table `Survey_Results`
-- -----------------------------------------------------
DROP TABLE IF EXISTS `Survey_Results` ;

CREATE TABLE IF NOT EXISTS `Survey_Results` (
  `idSurveyResults` INT NOT NULL,
  `classYear` VARCHAR(45) NULL,
  `gender` VARCHAR(45) NULL,
  `religion` VARCHAR(45) NULL,
  `Q1` VARCHAR(45) NULL,
  `Q2` VARCHAR(45) NULL,
  `Q3` VARCHAR(45) NULL,
  `Q4` VARCHAR(45) NULL,
  `Q5` VARCHAR(45) NULL,
  PRIMARY KEY (`idSurveyResults`))
ENGINE = InnoDB;


-- -----------------------------------------------------
-- Table `Students`
-- -----------------------------------------------------
DROP TABLE IF EXISTS `Students` ;

CREATE TABLE IF NOT EXISTS `Students` (
  `idstudents` INT NOT NULL,
  `firstName` VARCHAR(45) NULL,
  `lastName` VARCHAR(45) NULL,
  `classYear` VARCHAR(45) NULL,
  `email` VARCHAR(45) NULL,
  `phone` VARCHAR(45) NULL,
  `address` VARCHAR(45) NULL,
  `DOB` VARCHAR(45) NULL,
  `GPA` VARCHAR(45) NULL,
  `major` VARCHAR(45) NULL,
  `minor` VARCHAR(45) NULL,
  `residence` VARCHAR(45) NULL,
  `gender` VARCHAR(45) NULL,
  `race` VARCHAR(45) NULL,
  `religion` VARCHAR(45) NULL,
  `sexuality` VARCHAR(45) NULL,
  `economicClass` VARCHAR(45) NULL,
  `semester` VARCHAR(45) NULL,
  `Survey_Results_idSurveyResults` INT NOT NULL,
  PRIMARY KEY (`idstudents`),
  CONSTRAINT `fk_Students_Survey_Results1`
    FOREIGN KEY (`Survey_Results_idSurveyResults`)
    REFERENCES `Survey_Results` (`idSurveyResults`)
    ON DELETE NO ACTION
    ON UPDATE NO ACTION)
ENGINE = InnoDB;


-- -----------------------------------------------------
-- Table `Schools`
-- -----------------------------------------------------
DROP TABLE IF EXISTS `Schools` ;

CREATE TABLE IF NOT EXISTS `Schools` (
  `idSchools` INT NOT NULL,
  `schoolName` VARCHAR(45) NULL,
  `schoolDescription` VARCHAR(100) NULL,
  PRIMARY KEY (`idSchools`))
ENGINE = InnoDB;


-- -----------------------------------------------------
-- Table `Departments`
-- -----------------------------------------------------
DROP TABLE IF EXISTS `Departments` ;

CREATE TABLE IF NOT EXISTS `Departments` (
  `idDepartments` INT NOT NULL,
  `deptName` VARCHAR(45) NULL,
  `Schools_idSchools` INT NOT NULL,
  PRIMARY KEY (`idDepartments`),
  CONSTRAINT `fk_Departments_Schools`
    FOREIGN KEY (`Schools_idSchools`)
    REFERENCES `Schools` (`idSchools`)
    ON DELETE NO ACTION
    ON UPDATE NO ACTION)
ENGINE = InnoDB;


-- -----------------------------------------------------
-- Table `Courses`
-- -----------------------------------------------------
DROP TABLE IF EXISTS `Courses` ;

CREATE TABLE IF NOT EXISTS `Courses` (
  `idCourses` INT NOT NULL,
  `courseName` VARCHAR(45) NULL,
  `courseDesc` VARCHAR(100) NULL,
  `professor` VARCHAR(45) NULL,
  `Departments_idDepartments` INT NOT NULL,
  PRIMARY KEY (`idCourses`),
  CONSTRAINT `fk_Courses_Departments1`
    FOREIGN KEY (`Departments_idDepartments`)
    REFERENCES `Departments` (`idDepartments`)
    ON DELETE NO ACTION
    ON UPDATE NO ACTION)
ENGINE = InnoDB;


-- -----------------------------------------------------
-- Table `Services`
-- -----------------------------------------------------
DROP TABLE IF EXISTS `Services` ;

CREATE TABLE IF NOT EXISTS `Services` (
  `idservices` INT NOT NULL,
  `serviceName` VARCHAR(45) NULL,
  `serviceDesc` VARCHAR(45) NULL,
  PRIMARY KEY (`idservices`))
ENGINE = InnoDB;


-- -----------------------------------------------------
-- Table `Club`
-- -----------------------------------------------------
DROP TABLE IF EXISTS `Club` ;

CREATE TABLE IF NOT EXISTS `Club` (
  `idClubs` INT NOT NULL,
  `clubName` VARCHAR(45) NULL,
  `clubType` VARCHAR(45) NULL,
  `clubDesc` VARCHAR(100) NULL,
  PRIMARY KEY (`idClubs`))
ENGINE = InnoDB;


-- -----------------------------------------------------
-- Table `Student_in_Engagement`
-- -----------------------------------------------------
DROP TABLE IF EXISTS `Student_in_Engagement` ;

CREATE TABLE IF NOT EXISTS `Student_in_Engagement` (
  `Students_idstudents` INT NOT NULL,
  `position` VARCHAR(45) NULL,
  `yearsMember` VARCHAR(45) NULL,
  `Club_idClubs` INT NOT NULL,
  PRIMARY KEY (`Students_idstudents`),
  CONSTRAINT `fk_Clubs_has_Students_Students1`
    FOREIGN KEY (`Students_idstudents`)
    REFERENCES `Students` (`idstudents`)
    ON DELETE NO ACTION
    ON UPDATE NO ACTION,
  CONSTRAINT `fk_Student_in_Engagement_Club1`
    FOREIGN KEY (`Club_idClubs`)
    REFERENCES `Club` (`idClubs`)
    ON DELETE NO ACTION
    ON UPDATE NO ACTION)
ENGINE = InnoDB;


-- -----------------------------------------------------
-- Table `Student_Use_Service`
-- -----------------------------------------------------
DROP TABLE IF EXISTS `Student_Use_Service` ;

CREATE TABLE IF NOT EXISTS `Student_Use_Service` (
  `Services_idservices` INT NOT NULL,
  `Students_idstudents` INT NOT NULL,
  `dateOfUse` VARCHAR(45) NULL,
  `timeOfUse` VARCHAR(45) NULL,
  PRIMARY KEY (`Services_idservices`, `Students_idstudents`),
  CONSTRAINT `fk_Services_has_Students_Services1`
    FOREIGN KEY (`Services_idservices`)
    REFERENCES `Services` (`idservices`)
    ON DELETE NO ACTION
    ON UPDATE NO ACTION,
  CONSTRAINT `fk_Services_has_Students_Students1`
    FOREIGN KEY (`Students_idstudents`)
    REFERENCES `Students` (`idstudents`)
    ON DELETE NO ACTION
    ON UPDATE NO ACTION)
ENGINE = InnoDB;


-- -----------------------------------------------------
-- Table `Student_in_Course`
-- -----------------------------------------------------
DROP TABLE IF EXISTS `Student_in_Course` ;

CREATE TABLE IF NOT EXISTS `Student_in_Course` (
  `Courses_idCourses` INT NOT NULL,
  `Students_idstudents` INT NOT NULL,
  `grade` VARCHAR(45) NULL,
  `courseCompletion` VARCHAR(45) NULL,
  `courseAttendance` VARCHAR(45) NULL,
  PRIMARY KEY (`Courses_idCourses`, `Students_idstudents`),
  CONSTRAINT `fk_Courses_has_Students_Courses1`
    FOREIGN KEY (`Courses_idCourses`)
    REFERENCES `Courses` (`idCourses`)
    ON DELETE NO ACTION
    ON UPDATE NO ACTION,
  CONSTRAINT `fk_Courses_has_Students_Students1`
    FOREIGN KEY (`Students_idstudents`)
    REFERENCES `Students` (`idstudents`)
    ON DELETE NO ACTION
    ON UPDATE NO ACTION)
ENGINE = InnoDB;


-- -----------------------------------------------------
-- Table `Events`
-- -----------------------------------------------------
DROP TABLE IF EXISTS `Events` ;

CREATE TABLE IF NOT EXISTS `Events` (
  `idEvents` INT NOT NULL,
  `eventName` VARCHAR(45) NULL,
  `Club_idClubs` INT NOT NULL,
  PRIMARY KEY (`idEvents`),
  CONSTRAINT `fk_Events_Campus Engagements1`
    FOREIGN KEY (`Club_idClubs`)
    REFERENCES `Club` (`idClubs`)
    ON DELETE NO ACTION
    ON UPDATE NO ACTION)
ENGINE = InnoDB;


-- -----------------------------------------------------
-- Table `Student_Attends_Event`
-- -----------------------------------------------------
DROP TABLE IF EXISTS `Student_Attends_Event` ;

CREATE TABLE IF NOT EXISTS `Student_Attends_Event` (
  `Events_idEvents` INT NOT NULL,
  `Students_idstudents` INT NOT NULL,
  PRIMARY KEY (`Events_idEvents`, `Students_idstudents`),

  CONSTRAINT `fk_Events_has_Students_Events1`
    FOREIGN KEY (`Events_idEvents`)
    REFERENCES `Events` (`idEvents`)
    ON DELETE NO ACTION
    ON UPDATE NO ACTION,
  CONSTRAINT `fk_Events_has_Students_Students1`
    FOREIGN KEY (`Students_idstudents`)
    REFERENCES `Students` (`idstudents`)
    ON DELETE NO ACTION
    ON UPDATE NO ACTION)
ENGINE = InnoDB;


SET SQL_MODE=@OLD_SQL_MODE;
SET FOREIGN_KEY_CHECKS=@OLD_FOREIGN_KEY_CHECKS;
SET UNIQUE_CHECKS=@OLD_UNIQUE_CHECKS;

-- Adding data to Survey_Results table
INSERT INTO `Survey_Results` (`idSurveyResults`, `classYear`, `gender`, `religion`, `Q1`, `Q2`, `Q3`, `Q4`, `Q5`) VALUES
(1, 'Senior', 'Male', 'Christian', 'Answer1', 'Answer2', 'Answer3', 'Answer4', 'Answer5'),
(2, 'Junior', 'Female', 'Muslim', 'Answer1', 'Answer2', 'Answer3', 'Answer4', 'Answer5'),
(3, 'Sophomore', 'Non-Binary', 'Jewish', 'Answer1', 'Answer2', 'Answer3', 'Answer4', 'Answer5');

-- Adding data to Students table
INSERT INTO `Students` (`idstudents`, `firstName`, `lastName`, `classYear`, `email`, `phone`, `address`, `DOB`, `GPA`, `major`, `minor`, `residence`, `gender`, `race`, `religion`, `sexuality`, `economicClass`, `semester`, `Survey_Results_idSurveyResults`) VALUES
(1, 'John', 'Doe', 'Senior', 'john.doe@example.com', '123-456-7890', '123 Main St', '2000-01-01', '3.8', 'Computer Science', NULL, 'On Campus', 'Male', 'White', 'Christian', 'Straight', 'Middle Class', 'Spring 2024', 1),
(2, 'Jane', 'Smith', 'Junior', 'jane.smith@example.com', '987-654-3210', '456 Elm St', '2001-02-02', '3.5', 'Engineering', NULL, 'Off Campus', 'Female', 'Asian', 'Hindu', 'Lesbian', 'Upper Middle Class', 'Spring 2024', 2),
(3, 'Alice', 'Johnson', 'Freshman', 'alice.johnson@example.com', '555-555-5555', '789 Oak St', '2003-03-03', '3.2', 'Biology', NULL, 'Off Campus', 'Female', 'Black', 'Atheist', 'Bisexual', 'Lower Class', 'Spring 2024', 3);

-- Adding data to Schools table
INSERT INTO `Schools` (`idSchools`, `schoolName`, `schoolDescription`) VALUES
(1, 'Example University', 'A prestigious university located in the heart of the city.'),
(2, 'Another University', 'A leading institution known for its research and innovation.'),
(3, 'University of Excellence', 'Committed to providing quality education and fostering growth.');

-- Adding data to Departments table
INSERT INTO `Departments` (`idDepartments`, `deptName`, `Schools_idSchools`) VALUES
(1, 'Computer Science', 1),
(2, 'Engineering', 2),
(3, 'Biology', 3);

-- Adding data to Courses table
INSERT INTO `Courses` (`idCourses`, `courseName`, `courseDesc`, `professor`, `Departments_idDepartments`) VALUES
(1, 'Introduction to Programming', 'Learn the fundamentals of programming.', 'Dr. Smith', 1),
(2, 'Mechanics 101', 'Introduction to classical mechanics.', 'Prof. Johnson', 2),
(3, 'Cell Biology', 'Study of the structure and function of cells.', 'Dr. Lee', 3);

-- Adding data to Services table
INSERT INTO `Services` (`idservices`, `serviceName`, `serviceDesc`) VALUES
(1, 'Tutoring Center', 'Provides academic support.'),
(2, 'Career Services', 'Offers assistance with careers.'),
(3, 'Health Center', 'Provides medical healthcare resources.');

-- Adding data to Club table
INSERT INTO `Club` (`idClubs`, `clubName`, `clubType`, `clubDesc`) VALUES
(1, 'Chess Club', 'Academic', 'A club for chess enthusiasts.'),
(2, 'Environmental Club', 'Social', 'Focused on environmental sustainability efforts.'),
(3, 'Dance Team', 'Performance', 'Showcasing various styles of dance.');

-- Adding data to Student_in_Engagement table
INSERT INTO `Student_in_Engagement` (`Students_idstudents`, `position`, `yearsMember`, `Club_idClubs`) VALUES
(1, 'President', '3', 1),
(2, 'Member', '1', 2),
(3, 'Captain', '2', 3);

-- Adding data to Student_Use_Service table
INSERT INTO `Student_Use_Service` (`Services_idservices`, `Students_idstudents`, `dateOfUse`, `timeOfUse`) VALUES
(1, 1, '2024-05-01', '10:00 AM'),
(2, 2, '2024-04-30', '2:30 PM'),
(3, 3, '2024-04-29', '1:00 PM');

-- Adding data to Student_in_Course table
INSERT INTO `Student_in_Course` (`Courses_idCourses`, `Students_idstudents`, `grade`, `courseCompletion`, `courseAttendance`) VALUES
(1, 1, 'A', 'Complete', '90%'),
(2, 2, 'B', 'Complete', '85%'),
(3, 3, 'B+', 'Complete', '88%');

-- Adding data to Events table
INSERT INTO `Events` (`idEvents`, `eventName`, `Club_idClubs`) VALUES
(1, 'Chess Tournament', 1),
(2, 'Tree Planting Day', 2),
(3, 'Spring Dance Showcase', 3);

-- Adding data to Student_Attends_Event table
INSERT INTO `Student_Attends_Event` (`Events_idEvents`, `Students_idstudents`) VALUES
(1, 1),
(2, 2),
(3, 3);
